1,9,uploads/participantes/9/foto_689b17648729c.png,2025-08-12 10:28:53
2,9,uploads/participantes/9/foto_689b176518cfd.png,2025-08-12 10:28:53
3,7,uploads/participantes/7/foto_689b18b552512.png,2025-08-12 10:34:30
4,7,uploads/participantes/7/foto_689b18b561f5f.png,2025-08-12 10:34:30
5,5,uploads/participantes/5/foto_689b18d31bcea.png,2025-08-12 10:34:59
6,5,uploads/participantes/5/foto_689b18d32b425.png,2025-08-12 10:34:59
7,1,uploads/participantes/1/foto_689b18f3ad72f.png,2025-08-12 10:35:32
8,1,uploads/participantes/1/foto_689b18f3baf61.png,2025-08-12 10:35:32
9,11,uploads/participantes/11/foto_689b5c8b5d8ce.png,2025-08-12 15:23:55
10,11,uploads/participantes/11/foto_689b5c8b61ddd.png,2025-08-12 15:23:55
11,11,uploads/participantes/11/foto_689b5c8b65bbe.png,2025-08-12 15:23:55
12,11,uploads/participantes/11/foto_689b5c8b6a56e.png,2025-08-12 15:23:55
13,30,uploads/participantes/30/foto_689b96c2c8b72.png,2025-08-12 19:32:18
14,30,uploads/participantes/30/foto_689b96c2d0920.png,2025-08-12 19:32:18
15,26,uploads/participantes/26/foto_689b975300468.png,2025-08-12 19:34:43
16,26,uploads/participantes/26/foto_689b97530d784.png,2025-08-12 19:34:43
17,41,uploads/participantes/41/foto_689b98d11022f.png,2025-08-12 19:41:05
18,41,uploads/participantes/41/foto_689b98d1171ef.png,2025-08-12 19:41:05
19,21,uploads/participantes/21/foto_689b98feb6947.png,2025-08-12 19:41:50
20,21,uploads/participantes/21/foto_689b98febfba0.png,2025-08-12 19:41:50
21,13,uploads/participantes/13/foto_689b991fc3715.png,2025-08-12 19:42:23
22,14,uploads/participantes/14/foto_689b9932c9861.png,2025-08-12 19:42:42
23,12,uploads/participantes/12/foto_689b9a18f3043.png,2025-08-12 19:46:33
24,12,uploads/participantes/12/foto_689b9a1906517.png,2025-08-12 19:46:33
25,54,uploads/participantes/54/foto_689b9ac6c3230.png,2025-08-12 19:49:26
26,54,uploads/participantes/54/foto_689b9ac73e553.png,2025-08-12 19:49:27
27,70,uploads/participantes/70/foto_689b9cbcb2547.png,2025-08-12 19:57:48
28,70,uploads/participantes/70/foto_689b9cbcba260.png,2025-08-12 19:57:48
29,71,uploads/participantes/71/foto_689b9ceaea0a1.png,2025-08-12 19:58:35
30,71,uploads/participantes/71/foto_689b9ceb06f19.png,2025-08-12 19:58:35
31,62,uploads/participantes/62/foto_689b9cfbdc4ff.png,2025-08-12 19:58:51
32,62,uploads/participantes/62/foto_689b9cfbe55e4.png,2025-08-12 19:58:51
33,66,uploads/participantes/66/foto_689b9d0eb0a5c.png,2025-08-12 19:59:10
34,66,uploads/participantes/66/foto_689b9d0eb74e8.png,2025-08-12 19:59:10
35,69,uploads/participantes/69/foto_689b9d254a569.png,2025-08-12 19:59:33
36,69,uploads/participantes/69/foto_689b9d2555d5d.png,2025-08-12 19:59:33
37,86,uploads/participantes/86/foto_689ba66e0f485.png,2025-08-12 20:39:10
38,86,uploads/participantes/86/foto_689ba66e20f71.png,2025-08-12 20:39:10
39,95,uploads/participantes/95/foto_689ba682966cc.png,2025-08-12 20:39:30
40,95,uploads/participantes/95/foto_689ba6829ed25.png,2025-08-12 20:39:30
41,98,uploads/participantes/98/foto_689ba71fe8b44.png,2025-08-12 20:42:08
42,97,uploads/participantes/97/foto_689ba72f876bd.png,2025-08-12 20:42:23
43,97,uploads/participantes/97/foto_689ba72fa03ab.png,2025-08-12 20:42:23
44,119,uploads/participantes/119/foto_689ba7a7afc84.png,2025-08-12 20:44:23
45,119,uploads/participantes/119/foto_689ba7a7b859e.png,2025-08-12 20:44:23
46,116,uploads/participantes/116/foto_689ba7bbf3213.png,2025-08-12 20:44:44
47,116,uploads/participantes/116/foto_689ba7bc0f9bf.png,2025-08-12 20:44:44
48,40,uploads/participantes/40/foto_68a706e99a88b.jpg,2025-08-21 11:45:45
49,40,uploads/participantes/40/foto_68a706e99c44d.jpg,2025-08-21 11:45:45
51,39,Uploads/participantes/39/foto_68a708c5db6a9.jpg,2025-08-21 11:53:41
52,39,Uploads/participantes/39/foto_68a708ce7b039.jpg,2025-08-21 11:53:50
53,39,Uploads/participantes/39/foto_68a708d8d5a17.jpg,2025-08-21 11:54:00
55,34,Uploads/participantes/34/foto_68a72d0f1706b.png,2025-08-21 14:28:31
74,117,Uploads/participantes/117/foto_69162672297d1.png,2025-11-13 18:41:54
76,117,Uploads/participantes/117/foto_691626d358d46.png,2025-11-13 18:43:31
77,117,Uploads/participantes/117/foto_691626d36c12e.png,2025-11-13 18:43:31
78,117,Uploads/participantes/117/foto_691626d3865f1.png,2025-11-13 18:43:31
79,118,Uploads/participantes/118/foto_692707f0f331a.png,2025-11-26 14:00:16
80,118,Uploads/participantes/118/foto_69270af7ea7ff.png,2025-11-26 14:13:11